,,,,company
,,,,CITY OF WARSAW MUNICIPALITY
,,,,CIESPACE CORPORATION
,,,,"SAMPSON-BLADEN OIL COMPANY, INCORPORATED DBA HANDEE HUGO'S DIV LUBRICANT DIVISION"
,,,,LM-JB INVESTMENTS LLC DBA WASH DAY LAUNDRY
,,,,TOWN OF HAW RIVER DIV HAW RIVER TOWN HALL
,,,,"QUITMAN, CITY OF DBA CITY HALL"
,,,,VILLAGE OF KALIDA
,,,,"DAVIS GROUPE, L.L.C., THE"
,,,,BUENA VISTA WATER STORAGE DISTRICT
,,,,HADDICK'S TOWING INC.
,,,,MOTHER EARTH DAYCARE LIMITED
,,,,SOUTHERN TELECOMMUNICATIONS CONSULTANTS
,,,,"TROUT TRUCKING COMPANY, INC."
,,,,"QUALITY CONTROL DESIGN, INC."
,,,,DYNAMIC MOBILE PARTS & SERVICE DBA DYNAMIC MOBILE HOMES PARTS & SERVICE
,,,,RABINOVICI & ASSOCIATES INC
,,,,"WEST HAVEN COMMUNITY HOUSE ASSOCIATION, INCORPORATED THE DBA WEST HAVEN COMMUNITY HOUSE ASSOCIATION INC"
,,,,"MARTINEZ, EDWARD L DBA PROMOTIONAL M ERCHANDISING"
,,,,"BROWN, LEAL AND ASSOCIATES DBA T H MARTIN ENGINEERING DIV BROWN, LEAL & ASSOCIATES"
,,,,"FRIENDS OF HISTORIC NORTHPORT, INC. DBA FRIENDS OF HISTORIC NORTHPORT"
,,,,FIRST STEPS OF SPARTANBURG COUNTY DIV EARLY HEAD START
,,,,METRO EAST SANITARY DISTRICT
,,,,GILMER COUNTY BOARD OF HEALTH DBA GILMER COUNTY HEALTH DEPARTMENT
,,,,"JONESPLAN, LLC"
,,,,CORE MEMBER MUSIC & STUDIOS
,,,,NORTHWESTERN ILLINOIS CENTER FOR INDEPEN DIV NICIL
,,,,"PUCHEK CONSTRUCTION, INC."
,,,,WET MOUNTAIN FIRE PROTECTION DISTRICT
,,,,"SUPERIOR GROUNDCOVER, INC. DIV VEGETATED GREEN ROOF DIVISION"
